{"cameraMode":{"drawMode":0,"name":"Shaded","section":"Shading Mode"},"sceneLighting":true,"audioPlay":false,"sceneViewState":{"showFog":true,"showMaterialUpdate":false,"showSkybox":true,"showFlares":true,"showImageEffects":true,"showParticleSystems":true,"showVisualEffectGraphs":true,"m_FxEnabled":true},"in2DMode":false,"pivot":{"x":11.227238655090332,"y":-2.7894933223724367,"z":10.196197509765625},"rotation":{"x":0.022490935400128366,"y":0.02549094334244728,"z":-0.0005721590132452548,"w":0.9994289875030518},"size":30.062366485595704,"orthographic":true}